file,bytes,sha256
"2026-09-13T15-48-39-193Z/admin-landing.json","4244","e4d2cdc7d5fc2f17dab81ade65f0153c420dc1099ae6eddda6cf584798daacf1"
"2026-09-13T15-48-39-193Z/admin-network.json","8274","818de9895289d2d0ca97d163f6c0fc9059b1dc28424b6c914c4426b3c0b10744"
"2026-09-13T15-48-39-193Z/baseline.json","1244","a0937d6b37a7295132adb5cdc2749312cecb97d232a0e1afc92c808ad801bbf6"
"2026-09-13T15-48-39-193Z/customer-landing.json","1283","40bca829ad1ba7961604dccb4373f28e67ba837a2f35392915c1e3463f22e7f3"
"2026-09-13T15-48-39-193Z/customer-network.json","733","69351d3a70e7902f7be520cdda441567b2c15fcedcdef9dbbb7bc1cb442e76fe"
"2026-09-13T15-48-39-193Z/plumber-landing.json","1330","f13d7655e59c50cfc2ce4a6c31476fa7ceb2632d1b93eaffc023f9ac46c5cc44"
"2026-09-13T15-48-39-193Z/plumber-network.json","731","d51c21d8231d2a42ee83c637fc3627f327c200381d4e157764c6d7bc5eaa8fea"
"2026-09-13T15-48-39-193Z/run.json","488","3c984b56c3143164bdae5f3c4efaab5e253002efbcda994cf8d66686a5a5c908"
"2026-09-13T15-48-39-193Z/store-landing.json","1598","0af8c38c30d9b35227123d9e05712380ff7a79515bcec8a7046ae0912f933a4f"
"2026-09-13T15-48-39-193Z/store-network.json","311","25dd584052dd027379ed20b4569484cdbc237e325a8a99e75563420694051993"
"2026-09-13T15-49-28-895Z/admin-landing.json","4234","ae23bb761bf27bdbc252c6ef69b5486ce6a5eee493b4731fda74c14df35584f3"
"2026-09-13T15-49-28-895Z/admin-network.json","8619","d4308d3b4cf584acd45b6cadb8e9d82bd14b081304957b3acbc3d801cac71ef9"
"2026-09-13T15-49-28-895Z/baseline.json","4042","28265eabcde346494982b90ccb364148ec833d1a989c189ff30ab653365cb1e2"
"2026-09-13T15-49-28-895Z/customer-landing.json","1284","7c08395355a3bf3d4007403ed2cb3f48a0bb17c6eef0fc865e115bcfda0cf8a6"
"2026-09-13T15-49-28-895Z/customer-network.json","733","69351d3a70e7902f7be520cdda441567b2c15fcedcdef9dbbb7bc1cb442e76fe"
"2026-09-13T15-49-28-895Z/plumber-landing.json","1331","50e42642c8e9e012e02367cb5042335c0800592ace7d55638e8f0981d6819fbe"
"2026-09-13T15-49-28-895Z/plumber-network.json","731","d51c21d8231d2a42ee83c637fc3627f327c200381d4e157764c6d7bc5eaa8fea"
"2026-09-13T15-49-28-895Z/run.json","488","5c8caa427c7267126a27d7f74934bbd9c5ddd739841fdc620e752090799459fc"
"2026-09-13T15-49-28-895Z/store-landing.json","1599","de27fcc16ccc6c54187a8ac4846c217b1a1491670f48988f50be154ec5595794"
"2026-09-13T15-49-28-895Z/store-network.json","425","0c5ee772eda166b75234efe4a9db3e0902f4b71f155f86627c19d1244b29de69"
"2026-09-13T15-52-45-611Z/admin-01-landing.json","1052","9ba847d6b56ab3b5a824fd8fdf8af1f45c4b7c0c66900c06e713ff127abafc92"
"2026-09-13T15-52-45-611Z/admin-events.json","6059","803f27ea22ddf2ba4f9dd6880fcfd08e962162e4dcb920faea3002f0f89a3e0e"
"2026-09-13T15-52-45-611Z/customer-01-landing.json","731","c3455c39ebf161b1179870735a64a7f8ba6d52abe6415f020ecafe1727aeb306"
"2026-09-13T15-52-45-611Z/customer-02-onboarding-two.json","715","fc0903da3c472ae4fe517221029506b316a985b4d232b94ec314a54412c97310"
"2026-09-13T15-52-45-611Z/customer-03-onboarding-three.json","715","b05c28e58a46b44f897ea598e2d2ab95126bd5cf101e25570210647e75f4c74f"
"2026-09-13T15-52-45-611Z/customer-04-registration.json","1814","35d815223267e8f3a86391e33a0343e8ef6b74e9e8d86a02241905516506aae4"
"2026-09-13T15-52-45-611Z/customer-events.json","1339","0be095a87ee136c468504cf3c8ee2184f338f6b189905859da4049676dd6bc01"
"2026-09-13T15-52-45-611Z/plumber-01-landing.json","2288","f737e6d2d66faa8da1b3b123943d4405eae6ecc5d38b168815910545c24e8693"
"2026-09-13T15-52-45-611Z/plumber-02-email-login.json","2521","bf2233c4a7381d48e893650d1802e01793fca42a602b2e53fd58a1d8b5f11b47"
"2026-09-13T15-52-45-611Z/plumber-events.json","1339","e804390ffd8481e91fc3ef77b273fd3fcbe28f809d210574036a5f95a47419e4"
"2026-09-13T15-52-45-611Z/store-01-landing.json","1827","1c3bbd9e3b5bece92c4e7f0321f7c82a4ff3140e32cdaf9f5d9b65d330adee17"
"2026-09-13T15-52-45-611Z/store-02-registration.json","3090","696d903bfb12ba1b467018ba2f85826f31d51faccbb0a0ecb654d5eaf05d5028"
"2026-09-13T15-52-45-611Z/store-events.json","1035","a16d3df2ec38443af47864d1dcd7b8725e31c17d8b9c4d1995be79a461ee7aaf"
"2026-09-13T15-55-49-652Z/admin-empty.json","6593","bc2b987d1b659966fb7ca6ff236be3b74bb7ca485a205c299d0e9a7a08d43305"
"2026-09-13T15-55-49-652Z/admin-events.json","6643","61f65d44a53eba880d214855b38c612eb76a1a9eb98d92e9243d83b7243b6d95"
"2026-09-13T15-55-49-652Z/admin-login.json","7394","464af17b3cf5e96849435518877871962b3ba0d2a665712076523429fe5d3b41"
"2026-09-13T15-55-49-652Z/customer-empty.json","1782","8dc2da09286394fb6d7abeba30a124136dfefe3a9c34863719f87a49db95dfe2"
"2026-09-13T15-55-49-652Z/customer-events.json","2211","6649332928f75c1e0c24da2006d39ab76f9abc4e5ceea0a95f557c2ee477e2cb"
"2026-09-13T15-55-49-652Z/customer-login.json","2777","4f3a2b0e341fcf6cda08c24e84e15f326df3a265cc78a842f23811d139c554a6"
"2026-09-13T15-55-49-652Z/plumber-empty.json","1611","c8503f6615702665a8dfbb571b2e8c26372a100b7832c6e3a04872b498ad0167"
"2026-09-13T15-55-49-652Z/plumber-events.json","2755","db1c4b00f62f81d891dff0f2dccd4ea31777af8ceceffb7679402eededb141b7"
"2026-09-13T15-55-49-652Z/plumber-login.json","3277","b4f9436802cb1508d4f171a3272a9e1cb0adc37c2ed8a2bc9b8d69488af94c8e"
"2026-09-13T15-55-49-652Z/store-empty.json","1766","00b71eb363fb8f5549c4406dbc89f2d4bd49e98a212574476321c2cdd126fa27"
"2026-09-13T15-55-49-652Z/store-events.json","2037","3cce547e580013caf7e6bcabcc01385f600ec395bacc95c9cdbb0b60452d4407"
"2026-09-13T15-55-49-652Z/store-login.json","2551","9ab0d01da9c89f3b4e7f3a4c0f00aefe6d6960f8b62fcf10509738b669033487"
"2026-09-13T15-57-52-705Z/api-results.json","24052","2d90582ecfb565b7b504532dc6beec9f6699cc6c2f92e340b8df42014b85aba9"
"2026-09-13T16-00-43-794Z/admin-01-login.json","1323","39cca9479b8a614eaae59f82e9138f2085b02b37c180e9820962e20ec8d64b2e"
"2026-09-13T16-00-43-794Z/admin-02-invalid-email.json","1364","d6a021dcf8b26257e414779a4d1267f2d5fe2ca4feec875334c3afdf016dbb24"
"2026-09-13T16-00-43-794Z/admin-03-refreshed.json","1323","39cca9479b8a614eaae59f82e9138f2085b02b37c180e9820962e20ec8d64b2e"
"2026-09-13T16-00-43-794Z/admin-04-deep-link.json","1323","0a8d792c97dd3641add65f0d0e390d5a3e4f07c90340957f2f26eff8ff1b7a91"
"2026-09-13T16-00-43-794Z/admin-05-forward.json","1323","39cca9479b8a614eaae59f82e9138f2085b02b37c180e9820962e20ec8d64b2e"
"2026-09-13T16-00-43-794Z/admin-actions.json","1667","b63a94080c2ddda01b6f0aee9f268bdc23c8a95fa37997d043c91059c26c8580"
"2026-09-13T16-00-43-794Z/admin-events.json","2","4f53cda18c2baa0c0354bb5f9a3ecbe5ed12ab4d8e11ba873c2f11161202b945"
"2026-09-13T16-00-43-794Z/admin-login-axe.json","10693","1ac2fc88853504bf501f02b8415459e0881d7d91c1140f12b7adaced7becdf27"
"2026-09-13T16-00-43-794Z/admin-login-keyboard.json","2483","531399197eb7d24541760ea776a1d6aa487cc43e2eaf7daaad581399cd962735"
"2026-09-13T16-00-43-794Z/admin-login-reduced-motion.json","47","7fa0cb22abda67733b3cf32c563d2c084831f6140f590c287e6298882e343dd2"
"2026-09-13T16-00-43-794Z/admin-login-responsive.json","904","a80fe3f95fcea1ffb036b33860f603502c917ad33a1173574ad26c2685397b00"
"2026-09-13T16-00-43-794Z/customer-01-login.json","2415","221d4d45de06680a4d51d9232ca62ebefb2d4eaf727e54ad7f08501f95b2aaba"
"2026-09-13T16-00-43-794Z/customer-02-invalid-email.json","2717","eac6640d8fc01b15710a4f686bd804be1530eda91a7d94384be260bed2725ab0"
"2026-09-13T16-00-43-794Z/customer-03-registration.json","4569","821db2fa89a71cfc4bfdf5a2a877281c098f34b80864739b1f49b303972e41e2"
"2026-09-13T16-00-43-794Z/customer-04-registration-empty.json","4670","76e2f7de2259668e4c8033e8dc0c99a0a6e43c0e48511e8f0ec9e924ee694fe3"
"2026-09-13T16-00-43-794Z/customer-05-refreshed.json","4183","e06362c55da46bae79d3c83d4009d1071333db16af76007d025d7d8ddfb255e4"
"2026-09-13T16-00-43-794Z/customer-06-deep-link.json","3213","4780d176a78081a0e76bf41d08dc650e45eaca594d56c3b59324b70676dd61b6"
"2026-09-13T16-00-43-794Z/customer-07-forward.json","3881","40ed68bcec595d9862d69ec30787ad1168e186f79e9093dc4d76a25f5be5ffb9"
"2026-09-13T16-00-43-794Z/customer-actions.json","7366","c32908029692fb2aee836455356c6fe81ab870c427528ca66ec27d312263bb0a"
"2026-09-13T16-00-43-794Z/customer-events.json","2970","b4e191e62e22c21587ee90c5b2e54359581024275dfec32b46f503a22d077c22"
"2026-09-13T16-00-43-794Z/customer-login-axe.json","1927","bd9fce0f3d2d1da1ccc6f55ea2cc35de52b5177e4a14b72f8f599252ffac1d8c"
"2026-09-13T16-00-43-794Z/customer-login-keyboard.json","2352","1fbeefcd0ca996dafcdbdf3b926781606d45f3096f6643e7d9b3f644a483defa"
"2026-09-13T16-00-43-794Z/customer-login-reduced-motion.json","47","7fa0cb22abda67733b3cf32c563d2c084831f6140f590c287e6298882e343dd2"
"2026-09-13T16-00-43-794Z/customer-login-responsive.json","904","a80fe3f95fcea1ffb036b33860f603502c917ad33a1173574ad26c2685397b00"
"2026-09-13T16-00-43-794Z/customer-registration-axe.json","2342","c92f8d798ce42168d1cb6f74959f21ae6c455144558987a86271303cd43c7634"
"2026-09-13T16-00-43-794Z/customer-registration-keyboard.json","2340","0f4a258a1050860ffb6a87f8bb80d1f12993272e5f0d783ce369f4b869945903"
"2026-09-13T16-00-43-794Z/customer-registration-reduced-motion.json","47","7fa0cb22abda67733b3cf32c563d2c084831f6140f590c287e6298882e343dd2"
"2026-09-13T16-00-43-794Z/customer-registration-responsive.json","904","a80fe3f95fcea1ffb036b33860f603502c917ad33a1173574ad26c2685397b00"
"2026-09-13T16-00-43-794Z/plumber-01-mobile-letters.json","3165","bb3c81bea7a021068f6a154eabf5fe9e217a792d9d726d3e057e85ec982feb3b"
"2026-09-13T16-00-43-794Z/plumber-02-remember-on.json","3165","e4a1338467ca41258043d46279be6e67b57b18fc3cc68cfb5d3ec2d8840c6257"
"2026-09-13T16-00-43-794Z/plumber-03-login.json","3275","69546b462e89b159ee436599b570c2f515109cf8cbfbb1bec8c8cf915896dd47"
"2026-09-13T16-00-43-794Z/plumber-04-invalid-email.json","3275","69546b462e89b159ee436599b570c2f515109cf8cbfbb1bec8c8cf915896dd47"
"2026-09-13T16-00-43-794Z/plumber-actions.json","12878","4aca543089c01459420cd9aab5931c92bf849bb1889f58f6ff87ff46620d83a9"
"2026-09-13T16-00-43-794Z/plumber-error.json","134","5e620f927e5d802a0f29bcb8eba334c8938c88a2664dd19b3fdad84222108fbd"
"2026-09-13T16-00-43-794Z/plumber-events.json","418","45e797cde77730102eae944e768ba0d57f111f5bc3c10a180b05a664eb5c863c"
"2026-09-13T16-00-43-794Z/plumber-login-axe.json","22834","398a31dfe842de8c25448f081bf8edd7f1b32900107bf21913c480f8a054434b"
"2026-09-13T16-00-43-794Z/plumber-login-keyboard.json","2170","702ebc84d09033374f79b01a30263baa5b88e5bbea2be54bbd8f2282a89e2af1"
"2026-09-13T16-00-43-794Z/plumber-login-reduced-motion.json","47","7fa0cb22abda67733b3cf32c563d2c084831f6140f590c287e6298882e343dd2"
"2026-09-13T16-00-43-794Z/plumber-login-responsive.json","904","a80fe3f95fcea1ffb036b33860f603502c917ad33a1173574ad26c2685397b00"
"2026-09-13T16-00-43-794Z/store-01-login.json","2068","e3c980ae8d29861d7cf6a0fb00217915ef43fd00cdbeed8ebead46faba35504a"
"2026-09-13T16-00-43-794Z/store-02-invalid-email.json","2689","3fac303e818fe2b215ad895bddec909e06afe07c5a5f8fc1e73e829751bb6f4a"
"2026-09-13T16-00-43-794Z/store-03-remember-on.json","2670","dc69289876edfa00fbd4fa494a5f303dd9ae47f6575f9eeed2818b9fd0268743"
"2026-09-13T16-00-43-794Z/store-04-registration.json","4662","551f4a3948b1537cdfec27a15634e509c951dda79f1a0852d2c0ee64ddc3b1a8"
"2026-09-13T16-00-43-794Z/store-05-registration-empty.json","5277","f0eebaeccf78a1daffcf5a2456932ce73904f122dc15f522488db854f2908976"
"2026-09-13T16-00-43-794Z/store-06-refreshed.json","3244","91ec9f7edd1b3be86c3e94ca75d527ddedfe48d60ff421ddbc7083239d231212"
"2026-09-13T16-00-43-794Z/store-07-deep-link.json","2319","3251fa58651a0e80b52f5ea4b9e06d96cd73b1341f35f481033f819463e671a5"
"2026-09-13T16-00-43-794Z/store-08-forward.json","2563","41aaed0119fb7eee95895944b5f2125130d763654d940b82ef609503e1df04b6"
"2026-09-13T16-00-43-794Z/store-actions.json","7734","e117268036141c9877c7e279ca26d8cac12873d07e1694900740c937427f4113"
"2026-09-13T16-00-43-794Z/store-events.json","1700","758c4b38aa45ed4b72c9d82c37be589aecea16339c51e44cfd3c0bd505abff18"
"2026-09-13T16-00-43-794Z/store-login-axe.json","643","547919806f4fc334ed01e5c33e40d96d602950d9c8344d7d90ca013572601717"
"2026-09-13T16-00-43-794Z/store-login-keyboard.json","2358","e5f68ce98ed3f520b76b9f2440fe45c3420ad7cf59844d2ed52f16c55fc3d970"
"2026-09-13T16-00-43-794Z/store-login-reduced-motion.json","47","7fa0cb22abda67733b3cf32c563d2c084831f6140f590c287e6298882e343dd2"
"2026-09-13T16-00-43-794Z/store-login-responsive.json","904","a80fe3f95fcea1ffb036b33860f603502c917ad33a1173574ad26c2685397b00"
"2026-09-13T16-00-43-794Z/store-registration-axe.json","29252","39f1a2e0669bf4dc7828cbb939c36c1aaef058d74d3fc7a7fd8bbe1ee6027d9f"
"2026-09-13T16-00-43-794Z/store-registration-keyboard.json","2289","ffbcde07e9437238828c3014aaddbba96456c71fe4ca2bcbcf9bd774e6753e28"
"2026-09-13T16-00-43-794Z/store-registration-reduced-motion.json","47","7fa0cb22abda67733b3cf32c563d2c084831f6140f590c287e6298882e343dd2"
"2026-09-13T16-00-43-794Z/store-registration-responsive.json","904","a80fe3f95fcea1ffb036b33860f603502c917ad33a1173574ad26c2685397b00"
"2026-09-13T16-02-47-798Z/plumber-01-mobile-empty.json","2240","fb729d52878236c98a137717e6b11ef2a825ccd70b42226d100001a4ff352ecb"
"2026-09-13T16-02-47-798Z/plumber-02-mobile-letters.json","2240","fb729d52878236c98a137717e6b11ef2a825ccd70b42226d100001a4ff352ecb"
"2026-09-13T16-02-47-798Z/plumber-03-mobile-short.json","2249","f58e80534f75bd75bc7e90db4eccc16d495654a2de2395793a4fefa8de77c763"
"2026-09-13T16-02-47-798Z/plumber-04-remember-on.json","2263","b32520835970adcddb912b198aa55b0f361e738fadc5319b7e4c935d93cb14f8"
"2026-09-13T16-02-47-798Z/plumber-05-login.json","2649","b1ec9b124c9dc19e952a4187cfc0079e26c541b907020d5f36d198ee0b299fab"
"2026-09-13T16-02-47-798Z/plumber-06-invalid-email.json","2832","88603caf3000790cc3fad0971af5a42d10a15f3b74e3a52083de572023c24b0f"
"2026-09-13T16-02-47-798Z/plumber-07-signup-result.json","2409","0af100a49c90d1855afb965b0bb1a009ad8f354517002cc79a41807e11630a52"
"2026-09-13T16-02-47-798Z/plumber-08-refreshed.json","2817","a5ae2be5032e9e51e21185b267be321efd57a3cc7bd22d2a160f614e609c0f80"
"2026-09-13T16-02-47-798Z/plumber-09-deep-link.json","2000","a50185189828265abd9be521e63c19c05e6aa05b0f4a8e4b29d5e75b5e1e0f96"
"2026-09-13T16-02-47-798Z/plumber-10-forward.json","2665","86c76ca42b1292b6f377e5f1e48b5d64dd44c1aad207b2969616b0d1fe87804e"
"2026-09-13T16-02-47-798Z/plumber-actions.json","9802","37c21720f7d3a5ebb4cf39059c900323928903d7d290f3367910ff654d47e712"
"2026-09-13T16-02-47-798Z/plumber-events.json","1823","3f69b59db91af8fd708b3f5e6fc2993ae7c005fd3d5e5102e7209317d95ca02f"
"2026-09-13T16-02-47-798Z/plumber-login-axe.json","5663","92ac51a9571aa407ea36d9dff1f98e3080b675bb399bda1051543166fee7441c"
"2026-09-13T16-02-47-798Z/plumber-login-keyboard.json","2298","ee74ac24f5516fe71d5ab6b96a5881580fb54d0e6321f9d9662f682bed9d9e6a"
"2026-09-13T16-02-47-798Z/plumber-login-reduced-motion.json","47","7fa0cb22abda67733b3cf32c563d2c084831f6140f590c287e6298882e343dd2"
"2026-09-13T16-02-47-798Z/plumber-login-responsive.json","904","a80fe3f95fcea1ffb036b33860f603502c917ad33a1173574ad26c2685397b00"
"2026-09-13T16-05-36-434Z/customer-actions.json","4271","cb44841c768449a4a6c3eab925a3d2d20a26d5faa81605f764a706cbfad08422"
"2026-09-13T16-05-36-434Z/customer-events.json","183","a3dff10f9360b69c1af87b8f9bb617f0dd677b31c06091e37041aec00c8f2170"
"2026-09-13T16-05-36-434Z/customer-login-back.json","926","0ad5b3cb672209798ddfb91a005b0fb9e3af3de13550c80152097ee0834a501d"
"2026-09-13T16-05-36-434Z/customer-registration-validation.json","1539","a3d1bbaef45d0e69c67952d28d532086f316c8e0e70c1dfddf6c0bfb6e4d31b5"
"2026-09-13T16-05-36-434Z/customer-returned-login.json","1125","a897bea0d4a721339299ae7335d7f57e61f6fa2009fc951306be0753b46136ae"
"2026-09-13T16-05-36-434Z/plumber-actions.json","3776","1f396ff0eb3b6e7585e3b69a77e4a20508e9a961ce9e5b39c009450eca0df6ee"
"2026-09-13T16-05-36-434Z/plumber-empty-registration.json","1158","bf7f98c99a7f362346350f6e415c7224f36e3594f2821fe197e5b55173876e4d"
"2026-09-13T16-05-36-434Z/plumber-events.json","1690","86e0f7798da893849dffc197d0c102af807c3be572c4fe889af513ee4ddf4843"
"2026-09-13T16-05-36-434Z/plumber-otp-axe.json","22244","e2e6228d05c4eef514ef2f96cbca3240a7474bdd39f878dd7b9bea1776a0b786"
"2026-09-13T16-05-36-434Z/plumber-otp-invalid.json","1360","8b6a76dc12be10e9fdae6b1f677cc3e3c17660546f3d1513db2ae9b449d5d4e2"
"2026-09-13T16-05-36-434Z/plumber-otp-resend.json","2210","7694a509b21a0163c1ee525d5ff81083fedc382c423e420f817f97906291b9d8"
"2026-09-13T16-05-36-434Z/plumber-otp-responsive.json","564","168caebf9f2109c3d41f89e2f884821e1807def7167928acdd7a33c27ca6f3ae"
"2026-09-13T16-05-36-434Z/plumber-otp.json","1163","c5b3da557dec0d384e2957fcc17bd61df2ce4c6ce7f0d75004d9a14f91ab3f4f"
"2026-09-13T16-05-36-434Z/plumber-registration-axe.json","15222","e3aa2b795c5a684aecbb3c04ab8b0b01f6b7cc022c7b6a36626debb70c85e12a"
"2026-09-13T16-05-36-434Z/plumber-registration-responsive.json","564","168caebf9f2109c3d41f89e2f884821e1807def7167928acdd7a33c27ca6f3ae"
"2026-09-13T16-05-36-434Z/plumber-registration.json","1158","bf7f98c99a7f362346350f6e415c7224f36e3594f2821fe197e5b55173876e4d"
"2026-09-13T16-05-36-434Z/store-actions.json","4281","b86e870615eeb873f54720a7371e0b1e1147ae1452a5c944524923ce76f93a56"
"2026-09-13T16-05-36-434Z/store-empty-login.json","1026","16b14d3a5d647de4ecf6b99564de2c669ac11d7ab2f35067f7d0c022449034f1"
"2026-09-13T16-05-36-434Z/store-events.json","116","d0182d7b470b7d558657b0b0a4468fbab75bcf90ab2a1a6b3175837bb6d9a1ee"
"2026-09-13T16-05-36-434Z/store-invalid-registration.json","1898","77042cf5fda85613854a7f5a28a40e2594ba4b66e67990186e959a5e50681431"
"2026-09-13T16-07-04-118Z/checks.json","37422","904af86e6ffae027710f3da316d3afb9eb2633bdee1a6fa735212bb7664f0d2f"
"2026-09-13T16-08-20-388Z/results.json","7267","0cd98469cc2e62e377d01f17191e4b0efa8873b488c27ab35f49d1a778e03c51"
"2026-09-13T16-09-59-533Z/results.json","10134","e7c21347118df6319b49d09486f0c9960fcf7a8460009c455ed299cbd30ddea4"
"admin-build-evidence.json","357","add19959bb5c98fb0164d45b535930ef5f7d3ea9848a8e5117b4cabad8a601d9"
"api-check.cjs","2810","121904f6d0620370822f3dc486d782033a86581718b69931b93609cc3933e059"
"api-public-security.cjs","2074","28bf43aa6417509d27ba9c6ad97c9fc4d6144b047a30eb7ebb4e48abf2c8ea7f"
"audit.cjs","3966","8f984e58307b0f3b599947abfc766620ad9b4d0d0ef8a3a5371b0b4c08cfd98c"
"auth-check.cjs","3810","5c566655b4ecdea0fd3e2943e8be08e6e9e75dc46e3c444efb97c3b5d7b9e182"
"blocked-tests.csv","75573","08661bf94f8006a1e8d9e70fe3009b2bf81e0f10863034629d7dd04b7b0cdbe7"
"build-report.cjs","24040","0ee7891df0e4bc9f49644e2ab5f4886e33428f1c9597b9a7118e460e0bbd13f6"
"control-coverage.cjs","5964","f5e04d96d1232585c1bdcc9ef0377f14d72558c9686df123adafd8eea28168bc"
"control-coverage.csv","12037","e3b68c98d066161d374d219dd6ee60f4979f8818b33fa0843f6cd773255f00ad"
"coverage-cases.csv","130649","a117ff2313b19cae526b793f5f39a55605bf02157113d55ab320b4e2e2f214cb"
"coverage-matrix.csv","4158","56c17dae137a0a48bb369ca17a54903856d26af899ba00bd6672b979ee0ad9b2"
"coverage-summary.json","1567","7fb30b694bec735080a5824622847e75594a05f646462f6023f2e497a8e274c1"
"defects.json","18195","4538a04e77292d2dc8503dd368765ba2dedc8614cf0e2412399a076da1cc56d5"
"defects.md","39151","609f030361c909c7ee258551a1236481efd13034f0ca5c3949309f69e9685df6"
"deployment-evidence.json","17150","d1110dc903b848765811ea9d00f59410cf3cd75de75fe77400b8c8af412a3a86"
"final-controls.cjs","4235","0c94fc232cba4f34c83c564db5ba1a58a30e937eae75ae4763cfcac6bfae55b5"
"followup-ui.cjs","7079","86a6ae7c4ef67a44b1c2d1efcf1e0511e042e324e414f55e7a95119afe05a6d5"
"network-console-summary.json","3194","ea4e0d195ab234bab77b5430eafc2d6adf9eb873fc21d6878b96efbc6d131844"
"not-tested.csv","3376","986229419aadea1213f156a3663930486652255034cd55574b1a5ed23857c320"
"public-suite.cjs","9896","2baceb221c08a86d529e3aa26cd3b677f85d554b41f8f83b8735200f0d6ba85b"
"public-ui.cjs","3707","63ae9db649241a91b761c39fb607be236056ae043832a57695fb5cac19c6cc1a"
"report-content.cjs","42248","4ccee9e14236ca94467ed76409ee9c52ec757e600fe2e56bf125a3b163e64e02"
"REPORT.md","32523","62514ef6774fefe5cc5f1accede821034f7764ad299476f6dd4b471f92aa6da4"
"role-matrix.csv","2472","d9191b54be4ae2cc97ea39cbf5ae43901b8f50940d8fb1bb12d4030bb5e2b17e"
"runtime-control-inventory.csv","51130","8c22d232ebb3b0d3ebf41de5ff6ec4381111985ccd79664412461e3aed0da7e1"
"screenshots/admin/2026-09-13T15-48-39-193Z/landing.png","38884","a30a609da21ec37e3c62c8ed2d7b118afafaad4f5be8756098182a6a3ac75401"
"screenshots/admin/2026-09-13T15-49-28-895Z/landing.png","38884","a30a609da21ec37e3c62c8ed2d7b118afafaad4f5be8756098182a6a3ac75401"
"screenshots/admin/2026-09-13T15-52-45-611Z/01-landing.png","131271","6e6005f5afd5b8ea65be6fea5efe9a79c0f4dc057cb8d22324d7f4a679b96422"
"screenshots/admin/2026-09-13T15-55-49-652Z/empty-submit.png","136115","24e3e9c8c5b3463ff8fc4bf2400219b3ccd6b12098d124f4b765a58557e25abd"
"screenshots/admin/2026-09-13T15-55-49-652Z/login-result.png","133470","d896b341cafe9e46e4bb10734a530a53947cf120bcbb1c93db3df2696edd594a"
"screenshots/admin/2026-09-13T16-00-43-794Z/01-login.png","131271","6e6005f5afd5b8ea65be6fea5efe9a79c0f4dc057cb8d22324d7f4a679b96422"
"screenshots/admin/2026-09-13T16-00-43-794Z/02-invalid-email.png","134923","84b7b4fb29056107586df4e20cb50568fbe045b2a8be8b4c2f888cfd51abf9da"
"screenshots/admin/2026-09-13T16-00-43-794Z/03-refreshed.png","131271","6e6005f5afd5b8ea65be6fea5efe9a79c0f4dc057cb8d22324d7f4a679b96422"
"screenshots/admin/2026-09-13T16-00-43-794Z/04-deep-link.png","131271","6e6005f5afd5b8ea65be6fea5efe9a79c0f4dc057cb8d22324d7f4a679b96422"
"screenshots/admin/2026-09-13T16-00-43-794Z/05-forward.png","131271","6e6005f5afd5b8ea65be6fea5efe9a79c0f4dc057cb8d22324d7f4a679b96422"
"screenshots/admin/2026-09-13T16-08-20-388Z/empty-enter.png","87350","0b8ccb7d5ba42014a95624398d076ba4b05a5bf3646084b7f7cc4f603590065e"
"screenshots/admin/2026-09-13T16-08-20-388Z/empty-space.png","86579","87b37dd8085e40cc254d0abe0437ac146ba59c97a8f5ecb1c7d82fb5b0508eb0"
"screenshots/admin/2026-09-13T16-08-20-388Z/invalid-email-native.png","88789","b64db81b2a7adf466eb673d037779e745660ddcd1a6b2eb3d7ab49d38755a05b"
"screenshots/customer/2026-09-13T15-48-39-193Z/landing.png","19981","2b03856d1446553ad4b4690d0427a64897221adcc412121d2c2bce481be8373c"
"screenshots/customer/2026-09-13T15-49-28-895Z/landing.png","19981","2b03856d1446553ad4b4690d0427a64897221adcc412121d2c2bce481be8373c"
"screenshots/customer/2026-09-13T15-52-45-611Z/01-landing.png","19981","2b03856d1446553ad4b4690d0427a64897221adcc412121d2c2bce481be8373c"
"screenshots/customer/2026-09-13T15-52-45-611Z/02-onboarding-two.png","18736","0bc458794ab62b4bda96a6b1a38cd4e1a530e8099289c9acf5da45352ee5b3ab"
"screenshots/customer/2026-09-13T15-52-45-611Z/03-onboarding-three.png","22298","2256563ea54373e67554ead98d8af5abfb5aeb48fe3f07c489b11085ebf4804d"
"screenshots/customer/2026-09-13T15-52-45-611Z/04-registration.png","28137","282ed01a56e07844dc2dbd4853ec540b0110f900432706c16420eb10236c115f"
"screenshots/customer/2026-09-13T15-55-49-652Z/empty-submit.png","29868","a36f71e658353ebfaaa0892c2d590074c57d575557e79a9103f3b56dbe566875"
"screenshots/customer/2026-09-13T15-55-49-652Z/login-result.png","29185","af748846eee0174e531725fd805860dbba87252edd48bf4688a9633b49a9708c"
"screenshots/customer/2026-09-13T16-00-43-794Z/01-login.png","28137","282ed01a56e07844dc2dbd4853ec540b0110f900432706c16420eb10236c115f"
"screenshots/customer/2026-09-13T16-00-43-794Z/02-invalid-email.png","28255","9304bb9ba05e5dfbd44d7866875b73191ce38df061893518d33b8c052f266e79"
"screenshots/customer/2026-09-13T16-00-43-794Z/03-registration.png","28897","025610ac68be51da2bb6f835b8206121a05ac2ed873dfc1a4a6b9ace57c211e5"
"screenshots/customer/2026-09-13T16-00-43-794Z/04-registration-empty.png","28897","025610ac68be51da2bb6f835b8206121a05ac2ed873dfc1a4a6b9ace57c211e5"
"screenshots/customer/2026-09-13T16-00-43-794Z/05-refreshed.png","28137","282ed01a56e07844dc2dbd4853ec540b0110f900432706c16420eb10236c115f"
"screenshots/customer/2026-09-13T16-00-43-794Z/06-deep-link.png","14211","233890f94d34a601ea5faefcb5f09c78a253aaaab1fd4cef8d3d014f5caec7d2"
"screenshots/customer/2026-09-13T16-00-43-794Z/07-forward.png","14211","233890f94d34a601ea5faefcb5f09c78a253aaaab1fd4cef8d3d014f5caec7d2"
"screenshots/customer/2026-09-13T16-05-36-434Z/login-back.png","28137","282ed01a56e07844dc2dbd4853ec540b0110f900432706c16420eb10236c115f"
"screenshots/customer/2026-09-13T16-05-36-434Z/registration-validation.png","29152","72106f2e1dbc76c88203a6bd0e75b74ed593c88a025518dcc9e479ebd0b22096"
"screenshots/customer/2026-09-13T16-05-36-434Z/returned-login.png","28137","282ed01a56e07844dc2dbd4853ec540b0110f900432706c16420eb10236c115f"
"screenshots/customer/2026-09-13T16-08-20-388Z/onboarding-second.png","17529","68be7816015012fee594b38b7033511bb6e2d41568cdc1bd89bbc1d35cd9cb82"
"screenshots/customer/2026-09-13T16-09-59-533Z/empty-enter.png","23186","b7f97aa388cf534d883ebd8770f4cd48539f060c2fc000b96e206d41b844b2d2"
"screenshots/customer/2026-09-13T16-09-59-533Z/empty-space.png","23314","f9e89d43396e955bc42bea74611b2de251f334ecb05281bc9bc7dafbe0544dfe"
"screenshots/customer/2026-09-13T16-09-59-533Z/invalid-phone.png","24054","4253774c48a0a215738d994d36bd3c282799277d8b8f373790be02f92718e510"
"screenshots/customer/2026-09-13T16-09-59-533Z/offline-double-submit.png","24079","407b52c9f508742f9b6e328664434787fa30ef5aa8404a9979312a82aecc7a53"
"screenshots/customer/2026-09-13T16-09-59-533Z/onboarding-complete.png","23186","b7f97aa388cf534d883ebd8770f4cd48539f060c2fc000b96e206d41b844b2d2"
"screenshots/customer/2026-09-13T16-09-59-533Z/onboarding-second.png","17869","c6e10152204b794b25430a2be34ca464ce41b654798f2f47d30f7a579dee6da1"
"screenshots/customer/2026-09-13T16-09-59-533Z/registration-back.png","23186","b7f97aa388cf534d883ebd8770f4cd48539f060c2fc000b96e206d41b844b2d2"
"screenshots/customer/2026-09-13T16-09-59-533Z/short-mismatched-password.png","24281","a7e3f61a19a838b67dcfa6e5127e24d81b6137c3b6a4229e6002ece5e70b4cf5"
"screenshots/plumber/2026-09-13T15-48-39-193Z/landing.png","24604","543e09deb8d245c3ba44f4ac91a7e36b7da11ef234d196a610863f12549d008c"
"screenshots/plumber/2026-09-13T15-49-28-895Z/landing.png","24604","543e09deb8d245c3ba44f4ac91a7e36b7da11ef234d196a610863f12549d008c"
"screenshots/plumber/2026-09-13T15-52-45-611Z/01-landing.png","24604","543e09deb8d245c3ba44f4ac91a7e36b7da11ef234d196a610863f12549d008c"
"screenshots/plumber/2026-09-13T15-52-45-611Z/02-email-login.png","26055","ae6af5e9f9fe376f3406e7cb1b6dc6dcf1c990958c044498da3fc8693921968d"
"screenshots/plumber/2026-09-13T15-55-49-652Z/empty-submit.png","27084","e317ecaee843863d9ff1a30ebdcd3fb2860b3d2a6df735b8206d37eb2ac3109f"
"screenshots/plumber/2026-09-13T15-55-49-652Z/login-result.png","26209","d9e417c0be039ec349036bbea2d2c0dd6816cea523002293842dc5500dcd4f73"
"screenshots/plumber/2026-09-13T16-00-43-794Z/01-mobile-letters.png","21727","f87f291853d0777e0cc10f540bc48e5934c6d82d6ddff5df533c488d4964e0ca"
"screenshots/plumber/2026-09-13T16-00-43-794Z/02-remember-on.png","21642","e5cf9d490b3f333b641dcc7bf021f06686f78d2d5ed147512bff46f1f9f44221"
"screenshots/plumber/2026-09-13T16-00-43-794Z/03-login.png","21132","78429281f04159bb762dc0067ef9fc50940f2ade85b0c8029975f103d5c6b730"
"screenshots/plumber/2026-09-13T16-00-43-794Z/04-invalid-email.png","22352","91f0ef8747ee4854e37ee963c035c01a2025e95be1fe4bc7043a0692f389f49a"
"screenshots/plumber/2026-09-13T16-02-47-798Z/01-mobile-empty.png","24463","062de3a9fa400f1c7ecaf7be9fdbf6e2ec2ee11a95d69b7069fdc01d680c9435"
"screenshots/plumber/2026-09-13T16-02-47-798Z/02-mobile-letters.png","24903","8caa0e845c3996fa8e81947d6716ff44b1613e1b903a6ed3a842d8a91951b9e0"
"screenshots/plumber/2026-09-13T16-02-47-798Z/03-mobile-short.png","23078","bfa3f5f2c43b4bf4412eb2104f148917dcd7fdd3c0e226bdb3fbef442fb585f3"
"screenshots/plumber/2026-09-13T16-02-47-798Z/04-remember-on.png","23260","f255d54bd5cc84e61a0e4e42a329eefa317d801a06c3f9783127a3ece8421f18"
"screenshots/plumber/2026-09-13T16-02-47-798Z/05-login.png","26055","ae6af5e9f9fe376f3406e7cb1b6dc6dcf1c990958c044498da3fc8693921968d"
"screenshots/plumber/2026-09-13T16-02-47-798Z/06-invalid-email.png","24796","03b8795babe5d12c037399f5a0ff79c842917fd0101f082128bbe04065050ced"
"screenshots/plumber/2026-09-13T16-02-47-798Z/07-signup-result.png","23421","1695b27693f18821683bf89154c071a6a5be46e7f689a0f9329e69e59fd997e8"
"screenshots/plumber/2026-09-13T16-02-47-798Z/08-refreshed.png","24604","543e09deb8d245c3ba44f4ac91a7e36b7da11ef234d196a610863f12549d008c"
"screenshots/plumber/2026-09-13T16-02-47-798Z/09-deep-link.png","14051","534bdc939b6eeaccd83c8b171d596551613ce250f4785a0e67578e781656d186"
"screenshots/plumber/2026-09-13T16-02-47-798Z/10-forward.png","14051","534bdc939b6eeaccd83c8b171d596551613ce250f4785a0e67578e781656d186"
"screenshots/plumber/2026-09-13T16-05-36-434Z/empty-registration.png","26104","b17f76ca5f99d74a444e1a2e42b8f8b6df7563af77ce4883b41715fa02c2c19a"
"screenshots/plumber/2026-09-13T16-05-36-434Z/otp-invalid.png","20949","390c9bef8188969b7c273b905f3010ef1ae506a7953a884492d5c1849b7d7f8f"
"screenshots/plumber/2026-09-13T16-05-36-434Z/otp-resend.png","21113","b17cdf82d6b02300eae594546af4d007ec688095eecd5b23a8e0116b9cea5ea3"
"screenshots/plumber/2026-09-13T16-05-36-434Z/otp.png","21227","bf576128c9d45374b7b73f36a05a7ed8afafafd9a66a34d3ce9540a02b155016"
"screenshots/plumber/2026-09-13T16-05-36-434Z/registration.png","26104","b17f76ca5f99d74a444e1a2e42b8f8b6df7563af77ce4883b41715fa02c2c19a"
"screenshots/plumber/2026-09-13T16-08-20-388Z/empty-enter.png","21842","9c0d45968246903d89735de3f3ebdff234ffbd8643a4ed9c20c2e57a87605af9"
"screenshots/plumber/2026-09-13T16-08-20-388Z/empty-space.png","22400","58ef350e4bd65a2e98e5135b95c75d49a87c71818c63977c2b86f746834413d6"
"screenshots/responsive/2026-09-13T16-00-43-794Z/admin-login-1024x768.png","103871","9af233cf757287574bbb5be13457eb55dceaa7e79b2bde05487d85f1a2ec65e8"
"screenshots/responsive/2026-09-13T16-00-43-794Z/admin-login-1366x768.png","113711","f23b86b15ff4958acd5315983021174551df9e0cf58fb96f27b9512f050ecb75"
"screenshots/responsive/2026-09-13T16-00-43-794Z/admin-login-1440x900.png","131271","6e6005f5afd5b8ea65be6fea5efe9a79c0f4dc057cb8d22324d7f4a679b96422"
"screenshots/responsive/2026-09-13T16-00-43-794Z/admin-login-1920x1080.png","165895","69830aced0430d9cfcea0c4b021dff1568c129c17e222d233cda7e19b3d56bfb"
"screenshots/responsive/2026-09-13T16-00-43-794Z/admin-login-360x800.png","79821","6e97224318cae2f9d72b35f4504db18b276bff7bbd47f2cd8640d8b9f0a08eeb"
"screenshots/responsive/2026-09-13T16-00-43-794Z/admin-login-390x844.png","84763","db8c4a104992b8fec3f254f583900d611a56f92861fd5a986db4918ba878e3cf"
"screenshots/responsive/2026-09-13T16-00-43-794Z/admin-login-412x915.png","88823","f2d406ac3dc821aec4955cca9f03f9348a2411ea607a68c3237cc1a8018538c2"
"screenshots/responsive/2026-09-13T16-00-43-794Z/admin-login-768x1024.png","119597","f80c7364d1a1fde81a8f71404a29fc3753b41af84b10d3c07dd550ad4e5ef774"
"screenshots/responsive/2026-09-13T16-00-43-794Z/customer-login-1024x768.png","25876","abf3e183ea7f8356707dda4272d6d9733dbccf080670f85a0fdd43516bf08b5a"
"screenshots/responsive/2026-09-13T16-00-43-794Z/customer-login-1366x768.png","27000","89bb0b9c539395f80b7df5dd31c1226c61e79cfcff40d4cb319c6ce62185a088"
"screenshots/responsive/2026-09-13T16-00-43-794Z/customer-login-1440x900.png","28137","282ed01a56e07844dc2dbd4853ec540b0110f900432706c16420eb10236c115f"
"screenshots/responsive/2026-09-13T16-00-43-794Z/customer-login-1920x1080.png","30894","8818aa5ab34cd19d448c792d81a62f69ddde24b399cb9627bae5551beca81751"
"screenshots/responsive/2026-09-13T16-00-43-794Z/customer-login-360x800.png","22969","6a4a2d553d3001efc7d3ae63d17be2473818fba612cf88f6715fb5fcf022e9ac"
"screenshots/responsive/2026-09-13T16-00-43-794Z/customer-login-390x844.png","23186","b7f97aa388cf534d883ebd8770f4cd48539f060c2fc000b96e206d41b844b2d2"
"screenshots/responsive/2026-09-13T16-00-43-794Z/customer-login-412x915.png","23555","ac7ae6fbe3696626e62828f83b572cf61edc9b9f32286691805b018a389f6c0a"
"screenshots/responsive/2026-09-13T16-00-43-794Z/customer-login-768x1024.png","26173","e5aec5c4b9ef386bca7fd97e9ce3b488713fd273063b8ed4d90b3587c122c372"
"screenshots/responsive/2026-09-13T16-00-43-794Z/customer-registration-1024x768.png","26594","0c3ae1836bd931e644560a75dd35c70c4e05085e927d08386d4ee3a1be1e347b"
"screenshots/responsive/2026-09-13T16-00-43-794Z/customer-registration-1366x768.png","27748","db9f5c03843c4cac814247377b9c56552991409e116c416099b3f9a55437b5a3"
"screenshots/responsive/2026-09-13T16-00-43-794Z/customer-registration-1440x900.png","28897","025610ac68be51da2bb6f835b8206121a05ac2ed873dfc1a4a6b9ace57c211e5"
"screenshots/responsive/2026-09-13T16-00-43-794Z/customer-registration-1920x1080.png","31785","768ffcd8c8cdcdc70a4c3acf417b2bd35925ee754619aa100947ab961b6ee121"
"screenshots/responsive/2026-09-13T16-00-43-794Z/customer-registration-360x800.png","23520","308f040195f72c560866b03907d379a2174957e90a63991f6951cf6518c6420a"
"screenshots/responsive/2026-09-13T16-00-43-794Z/customer-registration-390x844.png","23892","46bb23c69ac93703c3e610060c86874343c808b2c478789ab45fa083131ee748"
"screenshots/responsive/2026-09-13T16-00-43-794Z/customer-registration-412x915.png","24256","eb4bf3a68150c400eaf66955c3397e48935dd08250798a3bfc2ccdb0df9ec588"
"screenshots/responsive/2026-09-13T16-00-43-794Z/customer-registration-768x1024.png","26799","1529b7d502b0146f41057cc0048973777ffa689066c1622aa330b435f62276d8"
"screenshots/responsive/2026-09-13T16-00-43-794Z/plumber-login-1024x768.png","19185","524bc62e29fd3e151f36b593564a1c2468714befe9a94a7d51249a8f8561cb13"
"screenshots/responsive/2026-09-13T16-00-43-794Z/plumber-login-1366x768.png","20086","60789338646cae1764d6caf45862f0714012a0f5a5bbb1bb969de824bc2fdf3a"
"screenshots/responsive/2026-09-13T16-00-43-794Z/plumber-login-1440x900.png","21132","78429281f04159bb762dc0067ef9fc50940f2ade85b0c8029975f103d5c6b730"
"screenshots/responsive/2026-09-13T16-00-43-794Z/plumber-login-1920x1080.png","23919","264026ecf3af7861362357f5da2d82e2325d8f5d757b177e4c094ee043497dda"
"screenshots/responsive/2026-09-13T16-00-43-794Z/plumber-login-360x800.png","16757","8377c2c190f0379beeae71cf8de2762a02f93f839ce7de4874f1a0867dd51932"
"screenshots/responsive/2026-09-13T16-00-43-794Z/plumber-login-390x844.png","17120","19a68c7d2e75c361a930bb25cbbc7af483eba47d1719d8e3a623e5112c7169da"
"screenshots/responsive/2026-09-13T16-00-43-794Z/plumber-login-412x915.png","17542","f605519aa752420324c1db0e7afe7825920314e6750d7d911adb6a064da2ca0d"
"screenshots/responsive/2026-09-13T16-00-43-794Z/plumber-login-768x1024.png","19619","4e31a51c6eaac88e16a9cfdf729a64b243cfd6b2b5d060120e980128a5895327"
"screenshots/responsive/2026-09-13T16-00-43-794Z/store-login-1024x768.png","26000","823d77e0ae6c5752e9979624ccc362008de48868fde2725c011c26fbe46d3a74"
"screenshots/responsive/2026-09-13T16-00-43-794Z/store-login-1366x768.png","27115","761c3ab4ecea70f9ba23e9f1c86e40cb0926a5541e1b5d02f586b1f13286f2bb"
"screenshots/responsive/2026-09-13T16-00-43-794Z/store-login-1440x900.png","28244","154a85f556061c9422bfd8a8006247ac489cb534536747cb43c375c0147998e2"
"screenshots/responsive/2026-09-13T16-00-43-794Z/store-login-1920x1080.png","31258","0234a96590ccce39895c5a3075221ab457ddf74e002dc5a59674037f1dd0f9b2"
"screenshots/responsive/2026-09-13T16-00-43-794Z/store-login-360x800.png","22892","bba7c6747def7740b5d7b89078ce5ac49b38f23962709c76824c8913abd11ee7"
"screenshots/responsive/2026-09-13T16-00-43-794Z/store-login-390x844.png","23248","7bd0f0e33ab3fbcb7934f353683992d365149a14c46bd2f2c3e67dbd59474eba"
"screenshots/responsive/2026-09-13T16-00-43-794Z/store-login-412x915.png","23521","3dd847cf480646987384ba33d4375cf750a93b89803000cf98d85bb4235c3b7f"
"screenshots/responsive/2026-09-13T16-00-43-794Z/store-login-768x1024.png","26253","e8541450724bbfa34aee8c24ff6517643e66a1c58ecce36702878158edb2bf8d"
"screenshots/responsive/2026-09-13T16-00-43-794Z/store-registration-1024x768.png","31810","3e8e2e66d031401c4d736f6a6b95ba4a6436bf1b4ba4027d5f9618a6ffe81665"
"screenshots/responsive/2026-09-13T16-00-43-794Z/store-registration-1366x768.png","33197","89ebf067e89e7cb2c6e26e0f977e5961bbd2bac9cda0b739f08794c3af09ccf2"
"screenshots/responsive/2026-09-13T16-00-43-794Z/store-registration-1440x900.png","33556","544bb4db9b787e1050f1f5f5adde0756ba1f3181c44126490c346b375372c312"
"screenshots/responsive/2026-09-13T16-00-43-794Z/store-registration-1920x1080.png","36135","271549846279eee6a5e21178135e140d1f31ff1073946b8772560937e4cacb40"
"screenshots/responsive/2026-09-13T16-00-43-794Z/store-registration-360x800.png","27896","af9a7c78915d1346f766d594b2e47d428f6fbb86f5a16c5f75d2cdbb9eb3ee4c"
"screenshots/responsive/2026-09-13T16-00-43-794Z/store-registration-390x844.png","28049","dcf438ec301ddb82600d9570bf65972eaf579126c61311da31f3bb1bba11387b"
"screenshots/responsive/2026-09-13T16-00-43-794Z/store-registration-412x915.png","28168","937c41447fcfdc520ababbd5e58c3bd97430c1dbf494b733339e4c025ae61c95"
"screenshots/responsive/2026-09-13T16-00-43-794Z/store-registration-768x1024.png","30882","b811f0ae6bb57e9aab187e654b4b5eb7e8033aceb7cf8cc912d1b753d100b7db"
"screenshots/responsive/2026-09-13T16-02-47-798Z/plumber-login-1024x768.png","24003","e9fcc7e45d65f0f1c9992f9e11ad1b3f2d1f087c9ed9978777961575a5306df0"
"screenshots/responsive/2026-09-13T16-02-47-798Z/plumber-login-1366x768.png","24893","ad26678eb9b708ae26168439a23bcab672e3c3892f527ad3bc6f91d9a1d71936"
"screenshots/responsive/2026-09-13T16-02-47-798Z/plumber-login-1440x900.png","26055","ae6af5e9f9fe376f3406e7cb1b6dc6dcf1c990958c044498da3fc8693921968d"
"screenshots/responsive/2026-09-13T16-02-47-798Z/plumber-login-1920x1080.png","28708","2c30700dbb89eaa1b63fcfa820bc555565b8c77a6ca141470d76dfde3cf435a1"
"screenshots/responsive/2026-09-13T16-02-47-798Z/plumber-login-360x800.png","21373","3fbca0bdd0fce6b2fa0d6bed6e48ed886a3a3600cdb879020683b6d7aa6708cd"
"screenshots/responsive/2026-09-13T16-02-47-798Z/plumber-login-390x844.png","21686","67a05da41abe1684f5cd2fcf1c8c2b439a784e2e5aeba9ab621d2962f9a4311f"
"screenshots/responsive/2026-09-13T16-02-47-798Z/plumber-login-412x915.png","22065","f42aff3af2327f7c2dea2d5bc783cc8968d2278bb9218cd3883ce11348203a5a"
"screenshots/responsive/2026-09-13T16-02-47-798Z/plumber-login-768x1024.png","24434","98d7a42ab077d5f175902fdf1a20419d82637c76fd7d8ab1f2ee50ad4df0e0f7"
"screenshots/responsive/2026-09-13T16-05-36-434Z/plumber-otp-1024x768.png","19234","e1012c4cd426839718616439f3980ad29980885bcf77574ebe28295b6a279b34"
"screenshots/responsive/2026-09-13T16-05-36-434Z/plumber-otp-1366x768.png","20140","f65d556942b4c8571a5fe4df7b82a70920c2ca659b22d7d904cdf56241ef434a"
"screenshots/responsive/2026-09-13T16-05-36-434Z/plumber-otp-1440x900.png","21182","ddab2c515b523b2f3131142c3996c3a09a888665489f9861e3e36dbd8f310d0b"
"screenshots/responsive/2026-09-13T16-05-36-434Z/plumber-otp-1920x1080.png","23964","4e6aa0bd69450b9686073be939c151314656617c979f572cd469d4a7f296f5a5"
"screenshots/responsive/2026-09-13T16-05-36-434Z/plumber-otp-360x800.png","16847","78c34603185853548f83753f0194e70c8c2f78251228953d93ded7c247a29de3"
"screenshots/responsive/2026-09-13T16-05-36-434Z/plumber-otp-390x844.png","17205","d3a17daba37ee071aa63fc7bfbea57fb3b36f4081a63fd42c757933c7cd62029"
"screenshots/responsive/2026-09-13T16-05-36-434Z/plumber-otp-412x915.png","17590","e2d54c06e6a6105c4de6dcf592c4335d6e16ba1cc6504186609efd1286658155"
"screenshots/responsive/2026-09-13T16-05-36-434Z/plumber-otp-768x1024.png","19680","5520a3609ad955ef7b2986b5342f3aeed58241e83b527ef44a42bda2ddaf3d39"
"screenshots/responsive/2026-09-13T16-05-36-434Z/plumber-registration-1024x768.png","23971","647fbfc73b8fc3697b662a1adb938b06a1ff1b16fa3bcccd412e82d273155422"
"screenshots/responsive/2026-09-13T16-05-36-434Z/plumber-registration-1366x768.png","24935","e5e60f34b821b5648053b2972b411eb267c450861b12b1658d86ee0374e79728"
"screenshots/responsive/2026-09-13T16-05-36-434Z/plumber-registration-1440x900.png","26104","b17f76ca5f99d74a444e1a2e42b8f8b6df7563af77ce4883b41715fa02c2c19a"
"screenshots/responsive/2026-09-13T16-05-36-434Z/plumber-registration-1920x1080.png","28899","594aba438d80edeb43d61dbdfb25e2b400116960a6198daab4321ec0a28bc9ed"
"screenshots/responsive/2026-09-13T16-05-36-434Z/plumber-registration-360x800.png","21776","def0626f85b5fa7a9c732189c779082a7cd86980744b4abf5d955395a1900c92"
"screenshots/responsive/2026-09-13T16-05-36-434Z/plumber-registration-390x844.png","22218","87abafdf6ea613c664fae8b4eabf214585992426b8ea79f95e64aa900980b81b"
"screenshots/responsive/2026-09-13T16-05-36-434Z/plumber-registration-412x915.png","21942","e3363b0f943e6edff704661fda42ee62f6d535f5616a698bc1345968e73fd414"
"screenshots/responsive/2026-09-13T16-05-36-434Z/plumber-registration-768x1024.png","24408","3df7909a0bc927e9725d6cd78d03aa9a8269e1ef1a747b5785a0efc648119200"
"screenshots/store/2026-09-13T15-48-39-193Z/landing.png","28931","4b7665de020e33a54e5286faaa03a01f8e5600b749254024e397339fa4b02558"
"screenshots/store/2026-09-13T15-49-28-895Z/landing.png","28931","4b7665de020e33a54e5286faaa03a01f8e5600b749254024e397339fa4b02558"
"screenshots/store/2026-09-13T15-52-45-611Z/01-landing.png","28244","154a85f556061c9422bfd8a8006247ac489cb534536747cb43c375c0147998e2"
"screenshots/store/2026-09-13T15-52-45-611Z/02-registration.png","33556","544bb4db9b787e1050f1f5f5adde0756ba1f3181c44126490c346b375372c312"
"screenshots/store/2026-09-13T15-55-49-652Z/empty-submit.png","28931","4b7665de020e33a54e5286faaa03a01f8e5600b749254024e397339fa4b02558"
"screenshots/store/2026-09-13T15-55-49-652Z/login-result.png","28190","9e765b56724b170c4f45e016e550d03d099c201a321d8b7e67f8717dd02657ea"
"screenshots/store/2026-09-13T16-00-43-794Z/01-login.png","28244","154a85f556061c9422bfd8a8006247ac489cb534536747cb43c375c0147998e2"
"screenshots/store/2026-09-13T16-00-43-794Z/02-invalid-email.png","27575","d88e2f98c0869764201e97fc88dfee103185835aacfc4f1a5198e0237021ced7"
"screenshots/store/2026-09-13T16-00-43-794Z/03-remember-on.png","28619","f3a27d47381f05be6679d2b47ca6587af4c16ca031c137cb9cc29c226a2379a9"
"screenshots/store/2026-09-13T16-00-43-794Z/04-registration.png","33556","544bb4db9b787e1050f1f5f5adde0756ba1f3181c44126490c346b375372c312"
"screenshots/store/2026-09-13T16-00-43-794Z/05-registration-empty.png","33556","544bb4db9b787e1050f1f5f5adde0756ba1f3181c44126490c346b375372c312"
"screenshots/store/2026-09-13T16-00-43-794Z/06-refreshed.png","28244","154a85f556061c9422bfd8a8006247ac489cb534536747cb43c375c0147998e2"
"screenshots/store/2026-09-13T16-00-43-794Z/07-deep-link.png","14177","5104b090608acb38dbd0dfd9b02c8666cb030198c4f53b05a2a1b65403497819"
"screenshots/store/2026-09-13T16-00-43-794Z/08-forward.png","14177","5104b090608acb38dbd0dfd9b02c8666cb030198c4f53b05a2a1b65403497819"
"screenshots/store/2026-09-13T16-05-36-434Z/empty-login.png","28599","adc621edb97ebbc444023abd5d9816fac9c5354792c75f8dd88caadb9f45842e"
"screenshots/store/2026-09-13T16-05-36-434Z/invalid-registration.png","36195","7fabe105eb949170e2f2f2899f3c466215402c5ff5b6d68816da5a4e153b6b0d"
"screenshots/store/2026-09-13T16-08-20-388Z/empty-enter.png","23248","7bd0f0e33ab3fbcb7934f353683992d365149a14c46bd2f2c3e67dbd59474eba"
"screenshots/store/2026-09-13T16-08-20-388Z/empty-space.png","23565","6eb1fb4d650c6aad9618b707472f07591bbb270b0071caf2a71cee1cd33ff1cf"
"source-screen-inventory.csv","26136","a2c381139fcd7078c4a9db8d77f4565bd221e0d7e0e2e487e94117dd8e6fe799"
