file,basis,status,reason
"customer-app/src/screens/auth/LoginScreen.tsx","source inventory at 618a818; deployed clients differ","BLOCKED","Source presence does not certify runtime reachability or function; public runtime inventory is separate"
"customer-app/src/screens/auth/OtpScreen.tsx","source inventory at 618a818; deployed clients differ","BLOCKED","Source presence does not certify runtime reachability or function; public runtime inventory is separate"
"customer-app/src/screens/auth/SplashScreen.tsx","source inventory at 618a818; deployed clients differ","BLOCKED","Source presence does not certify runtime reachability or function; public runtime inventory is separate"
"customer-app/src/screens/cart/CartScreen.tsx","source inventory at 618a818; deployed clients differ","BLOCKED","Source presence does not certify runtime reachability or function; public runtime inventory is separate"
"customer-app/src/screens/catalog/ProductDetailScreen.tsx","source inventory at 618a818; deployed clients differ","BLOCKED","Source presence does not certify runtime reachability or function; public runtime inventory is separate"
"customer-app/src/screens/catalog/SearchScreen.tsx","source inventory at 618a818; deployed clients differ","BLOCKED","Source presence does not certify runtime reachability or function; public runtime inventory is separate"
"customer-app/src/screens/catalog/ServiceDetailScreen.tsx","source inventory at 618a818; deployed clients differ","BLOCKED","Source presence does not certify runtime reachability or function; public runtime inventory is separate"
"customer-app/src/screens/checkout/CheckoutScreen.tsx","source inventory at 618a818; deployed clients differ","BLOCKED","Source presence does not certify runtime reachability or function; public runtime inventory is separate"
"customer-app/src/screens/checkout/PaymentSuccessScreen.tsx","source inventory at 618a818; deployed clients differ","BLOCKED","Source presence does not certify runtime reachability or function; public runtime inventory is separate"
"customer-app/src/screens/home/HomeScreen.tsx","source inventory at 618a818; deployed clients differ","BLOCKED","Source presence does not certify runtime reachability or function; public runtime inventory is separate"
"customer-app/src/screens/orders/OrdersScreen.tsx","source inventory at 618a818; deployed clients differ","BLOCKED","Source presence does not certify runtime reachability or function; public runtime inventory is separate"
"customer-app/src/screens/orders/OrderTrackingScreen.tsx","source inventory at 618a818; deployed clients differ","BLOCKED","Source presence does not certify runtime reachability or function; public runtime inventory is separate"
"customer-app/src/screens/profile/ProfileScreen.tsx","source inventory at 618a818; deployed clients differ","BLOCKED","Source presence does not certify runtime reachability or function; public runtime inventory is separate"
"customer-app/src/screens/profile/SavedAddressesScreen.tsx","source inventory at 618a818; deployed clients differ","BLOCKED","Source presence does not certify runtime reachability or function; public runtime inventory is separate"
"customer-app/src/screens/support/SupportChatScreen.tsx","source inventory at 618a818; deployed clients differ","BLOCKED","Source presence does not certify runtime reachability or function; public runtime inventory is separate"
"plumber-app/src/screens/auth/LoginScreen.tsx","source inventory at 618a818; deployed clients differ","BLOCKED","Source presence does not certify runtime reachability or function; public runtime inventory is separate"
"plumber-app/src/screens/auth/OtpScreen.tsx","source inventory at 618a818; deployed clients differ","BLOCKED","Source presence does not certify runtime reachability or function; public runtime inventory is separate"
"plumber-app/src/screens/auth/RegisterScreen.tsx","source inventory at 618a818; deployed clients differ","BLOCKED","Source presence does not certify runtime reachability or function; public runtime inventory is separate"
"plumber-app/src/screens/auth/SplashScreen.tsx","source inventory at 618a818; deployed clients differ","BLOCKED","Source presence does not certify runtime reachability or function; public runtime inventory is separate"
"plumber-app/src/screens/business/EarningsScreen.tsx","source inventory at 618a818; deployed clients differ","BLOCKED","Source presence does not certify runtime reachability or function; public runtime inventory is separate"
"plumber-app/src/screens/business/JobHistoryScreen.tsx","source inventory at 618a818; deployed clients differ","BLOCKED","Source presence does not certify runtime reachability or function; public runtime inventory is separate"
"plumber-app/src/screens/business/WalletScreen.tsx","source inventory at 618a818; deployed clients differ","BLOCKED","Source presence does not certify runtime reachability or function; public runtime inventory is separate"
"plumber-app/src/screens/ChatScreen.tsx","source inventory at 618a818; deployed clients differ","BLOCKED","Source presence does not certify runtime reachability or function; public runtime inventory is separate"
"plumber-app/src/screens/completion/CompleteServiceScreen.tsx","source inventory at 618a818; deployed clients differ","BLOCKED","Source presence does not certify runtime reachability or function; public runtime inventory is separate"
"plumber-app/src/screens/dashboard/DashboardScreen.tsx","source inventory at 618a818; deployed clients differ","BLOCKED","Source presence does not certify runtime reachability or function; public runtime inventory is separate"
"plumber-app/src/screens/jobs/ActiveJobScreen.tsx","source inventory at 618a818; deployed clients differ","BLOCKED","Source presence does not certify runtime reachability or function; public runtime inventory is separate"
"plumber-app/src/screens/jobs/IncomingJobRequestScreen.tsx","source inventory at 618a818; deployed clients differ","BLOCKED","Source presence does not certify runtime reachability or function; public runtime inventory is separate"
"plumber-app/src/screens/jobs/JobsScreen.tsx","source inventory at 618a818; deployed clients differ","BLOCKED","Source presence does not certify runtime reachability or function; public runtime inventory is separate"
"plumber-app/src/screens/jobs/NavigationScreen.tsx","source inventory at 618a818; deployed clients differ","BLOCKED","Source presence does not certify runtime reachability or function; public runtime inventory is separate"
"plumber-app/src/screens/jobs/ReachedCustomerScreen.tsx","source inventory at 618a818; deployed clients differ","BLOCKED","Source presence does not certify runtime reachability or function; public runtime inventory is separate"
"plumber-app/src/screens/jobs/StartWorkScreen.tsx","source inventory at 618a818; deployed clients differ","BLOCKED","Source presence does not certify runtime reachability or function; public runtime inventory is separate"
"plumber-app/src/screens/materials/MaterialApprovalStatusScreen.tsx","source inventory at 618a818; deployed clients differ","BLOCKED","Source presence does not certify runtime reachability or function; public runtime inventory is separate"
"plumber-app/src/screens/materials/MaterialRequestScreen.tsx","source inventory at 618a818; deployed clients differ","BLOCKED","Source presence does not certify runtime reachability or function; public runtime inventory is separate"
"plumber-app/src/screens/materials/MaterialsScreen.tsx","source inventory at 618a818; deployed clients differ","BLOCKED","Source presence does not certify runtime reachability or function; public runtime inventory is separate"
"plumber-app/src/screens/materials/MaterialTrackingScreen.tsx","source inventory at 618a818; deployed clients differ","BLOCKED","Source presence does not certify runtime reachability or function; public runtime inventory is separate"
"plumber-app/src/screens/materials/StoreSelectionScreen.tsx","source inventory at 618a818; deployed clients differ","BLOCKED","Source presence does not certify runtime reachability or function; public runtime inventory is separate"
"plumber-app/src/screens/photos/AfterPhotosScreen.tsx","source inventory at 618a818; deployed clients differ","BLOCKED","Source presence does not certify runtime reachability or function; public runtime inventory is separate"
"plumber-app/src/screens/photos/BeforePhotosScreen.tsx","source inventory at 618a818; deployed clients differ","BLOCKED","Source presence does not certify runtime reachability or function; public runtime inventory is separate"
"plumber-app/src/screens/profile/DrawerMenuScreen.tsx","source inventory at 618a818; deployed clients differ","BLOCKED","Source presence does not certify runtime reachability or function; public runtime inventory is separate"
"plumber-app/src/screens/profile/ProfileScreen.tsx","source inventory at 618a818; deployed clients differ","BLOCKED","Source presence does not certify runtime reachability or function; public runtime inventory is separate"
"store-app/src/screens/analytics/SalesAnalyticsScreen.tsx","source inventory at 618a818; deployed clients differ","BLOCKED","Source presence does not certify runtime reachability or function; public runtime inventory is separate"
"store-app/src/screens/analytics/WeeklySummaryScreen.tsx","source inventory at 618a818; deployed clients differ","BLOCKED","Source presence does not certify runtime reachability or function; public runtime inventory is separate"
"store-app/src/screens/auth/LoginScreen.tsx","source inventory at 618a818; deployed clients differ","BLOCKED","Source presence does not certify runtime reachability or function; public runtime inventory is separate"
"store-app/src/screens/auth/LoginScreenNew.tsx","source inventory at 618a818; deployed clients differ","BLOCKED","Source presence does not certify runtime reachability or function; public runtime inventory is separate"
"store-app/src/screens/auth/RegisterScreen.tsx","source inventory at 618a818; deployed clients differ","BLOCKED","Source presence does not certify runtime reachability or function; public runtime inventory is separate"
"store-app/src/screens/auth/SplashScreen.tsx","source inventory at 618a818; deployed clients differ","BLOCKED","Source presence does not certify runtime reachability or function; public runtime inventory is separate"
"store-app/src/screens/dashboard/DashboardScreen.tsx","source inventory at 618a818; deployed clients differ","BLOCKED","Source presence does not certify runtime reachability or function; public runtime inventory is separate"
"store-app/src/screens/dispatch/DispatchAssignmentScreen.tsx","source inventory at 618a818; deployed clients differ","BLOCKED","Source presence does not certify runtime reachability or function; public runtime inventory is separate"
"store-app/src/screens/inventory/AddProductScreen.tsx","source inventory at 618a818; deployed clients differ","BLOCKED","Source presence does not certify runtime reachability or function; public runtime inventory is separate"
"store-app/src/screens/inventory/InventoryScreen.tsx","source inventory at 618a818; deployed clients differ","BLOCKED","Source presence does not certify runtime reachability or function; public runtime inventory is separate"
"store-app/src/screens/inventory/LowStockAlertScreen.tsx","source inventory at 618a818; deployed clients differ","BLOCKED","Source presence does not certify runtime reachability or function; public runtime inventory is separate"
"store-app/src/screens/inventory/ProductDetailsScreen.tsx","source inventory at 618a818; deployed clients differ","BLOCKED","Source presence does not certify runtime reachability or function; public runtime inventory is separate"
"store-app/src/screens/offers/OffersPromotionsScreen.tsx","source inventory at 618a818; deployed clients differ","BLOCKED","Source presence does not certify runtime reachability or function; public runtime inventory is separate"
"store-app/src/screens/orders/CollectionConfirmationScreen.tsx","source inventory at 618a818; deployed clients differ","BLOCKED","Source presence does not certify runtime reachability or function; public runtime inventory is separate"
"store-app/src/screens/orders/MaterialRequestDetailScreen.tsx","source inventory at 618a818; deployed clients differ","BLOCKED","Source presence does not certify runtime reachability or function; public runtime inventory is separate"
"store-app/src/screens/orders/MaterialRequestsScreen.tsx","source inventory at 618a818; deployed clients differ","BLOCKED","Source presence does not certify runtime reachability or function; public runtime inventory is separate"
"store-app/src/screens/orders/OrderDetailsScreen.tsx","source inventory at 618a818; deployed clients differ","BLOCKED","Source presence does not certify runtime reachability or function; public runtime inventory is separate"
"store-app/src/screens/orders/OrdersScreen.tsx","source inventory at 618a818; deployed clients differ","BLOCKED","Source presence does not certify runtime reachability or function; public runtime inventory is separate"
"store-app/src/screens/orders/PackingScreen.tsx","source inventory at 618a818; deployed clients differ","BLOCKED","Source presence does not certify runtime reachability or function; public runtime inventory is separate"
"store-app/src/screens/orders/ReadyForPickupScreen.tsx","source inventory at 618a818; deployed clients differ","BLOCKED","Source presence does not certify runtime reachability or function; public runtime inventory is separate"
"store-app/src/screens/profile/AccountScreen.tsx","source inventory at 618a818; deployed clients differ","BLOCKED","Source presence does not certify runtime reachability or function; public runtime inventory is separate"
"store-app/src/screens/profile/NotificationsScreen.tsx","source inventory at 618a818; deployed clients differ","BLOCKED","Source presence does not certify runtime reachability or function; public runtime inventory is separate"
"store-app/src/screens/profile/StoreProfileScreen.tsx","source inventory at 618a818; deployed clients differ","BLOCKED","Source presence does not certify runtime reachability or function; public runtime inventory is separate"
"store-app/src/screens/reviews/ReviewsRatingsScreen.tsx","source inventory at 618a818; deployed clients differ","BLOCKED","Source presence does not certify runtime reachability or function; public runtime inventory is separate"
"store-app/src/screens/reviews/ReviewsRatingsScreenNew.tsx","source inventory at 618a818; deployed clients differ","BLOCKED","Source presence does not certify runtime reachability or function; public runtime inventory is separate"
"store-app/src/screens/wallet/WalletScreen.tsx","source inventory at 618a818; deployed clients differ","BLOCKED","Source presence does not certify runtime reachability or function; public runtime inventory is separate"
"admin-portal/src/app/(shell)/admins/page.tsx","source inventory at 618a818; deployed clients differ","BLOCKED","Source presence does not certify runtime reachability or function; public runtime inventory is separate"
"admin-portal/src/app/(shell)/dashboard/page.tsx","source inventory at 618a818; deployed clients differ","BLOCKED","Source presence does not certify runtime reachability or function; public runtime inventory is separate"
"admin-portal/src/app/(shell)/finance/commission-report/page.tsx","source inventory at 618a818; deployed clients differ","BLOCKED","Source presence does not certify runtime reachability or function; public runtime inventory is separate"
"admin-portal/src/app/(shell)/finance/page.tsx","source inventory at 618a818; deployed clients differ","BLOCKED","Source presence does not certify runtime reachability or function; public runtime inventory is separate"
"admin-portal/src/app/(shell)/finance/payments/page.tsx","source inventory at 618a818; deployed clients differ","BLOCKED","Source presence does not certify runtime reachability or function; public runtime inventory is separate"
"admin-portal/src/app/(shell)/finance/payments/[id]/page.tsx","source inventory at 618a818; deployed clients differ","BLOCKED","Source presence does not certify runtime reachability or function; public runtime inventory is separate"
"admin-portal/src/app/(shell)/finance/payouts/delivery-partners/page.tsx","source inventory at 618a818; deployed clients differ","BLOCKED","Source presence does not certify runtime reachability or function; public runtime inventory is separate"
"admin-portal/src/app/(shell)/finance/payouts/plumbers/page.tsx","source inventory at 618a818; deployed clients differ","BLOCKED","Source presence does not certify runtime reachability or function; public runtime inventory is separate"
"admin-portal/src/app/(shell)/finance/refunds/page.tsx","source inventory at 618a818; deployed clients differ","BLOCKED","Source presence does not certify runtime reachability or function; public runtime inventory is separate"
"admin-portal/src/app/(shell)/finance/settlements/page.tsx","source inventory at 618a818; deployed clients differ","BLOCKED","Source presence does not certify runtime reachability or function; public runtime inventory is separate"
"admin-portal/src/app/(shell)/marketing/banners/page.tsx","source inventory at 618a818; deployed clients differ","BLOCKED","Source presence does not certify runtime reachability or function; public runtime inventory is separate"
"admin-portal/src/app/(shell)/marketing/campaigns/page.tsx","source inventory at 618a818; deployed clients differ","BLOCKED","Source presence does not certify runtime reachability or function; public runtime inventory is separate"
"admin-portal/src/app/(shell)/marketing/campaigns/[id]/page.tsx","source inventory at 618a818; deployed clients differ","BLOCKED","Source presence does not certify runtime reachability or function; public runtime inventory is separate"
"admin-portal/src/app/(shell)/marketing/notifications/page.tsx","source inventory at 618a818; deployed clients differ","BLOCKED","Source presence does not certify runtime reachability or function; public runtime inventory is separate"
"admin-portal/src/app/(shell)/marketing/offers/page.tsx","source inventory at 618a818; deployed clients differ","BLOCKED","Source presence does not certify runtime reachability or function; public runtime inventory is separate"
"admin-portal/src/app/(shell)/marketing/offers/[id]/page.tsx","source inventory at 618a818; deployed clients differ","BLOCKED","Source presence does not certify runtime reachability or function; public runtime inventory is separate"
"admin-portal/src/app/(shell)/marketing/page.tsx","source inventory at 618a818; deployed clients differ","BLOCKED","Source presence does not certify runtime reachability or function; public runtime inventory is separate"
"admin-portal/src/app/(shell)/marketing/segments/page.tsx","source inventory at 618a818; deployed clients differ","BLOCKED","Source presence does not certify runtime reachability or function; public runtime inventory is separate"
"admin-portal/src/app/(shell)/operations/delayed/page.tsx","source inventory at 618a818; deployed clients differ","BLOCKED","Source presence does not certify runtime reachability or function; public runtime inventory is separate"
"admin-portal/src/app/(shell)/operations/delivery-partners/page.tsx","source inventory at 618a818; deployed clients differ","BLOCKED","Source presence does not certify runtime reachability or function; public runtime inventory is separate"
"admin-portal/src/app/(shell)/operations/material-pickups/page.tsx","source inventory at 618a818; deployed clients differ","BLOCKED","Source presence does not certify runtime reachability or function; public runtime inventory is separate"
"admin-portal/src/app/(shell)/operations/material-requests/page.tsx","source inventory at 618a818; deployed clients differ","BLOCKED","Source presence does not certify runtime reachability or function; public runtime inventory is separate"
"admin-portal/src/app/(shell)/operations/orders/page.tsx","source inventory at 618a818; deployed clients differ","BLOCKED","Source presence does not certify runtime reachability or function; public runtime inventory is separate"
"admin-portal/src/app/(shell)/operations/orders/[id]/page.tsx","source inventory at 618a818; deployed clients differ","BLOCKED","Source presence does not certify runtime reachability or function; public runtime inventory is separate"
"admin-portal/src/app/(shell)/operations/page.tsx","source inventory at 618a818; deployed clients differ","BLOCKED","Source presence does not certify runtime reachability or function; public runtime inventory is separate"
"admin-portal/src/app/(shell)/operations/reassignments/page.tsx","source inventory at 618a818; deployed clients differ","BLOCKED","Source presence does not certify runtime reachability or function; public runtime inventory is separate"
"admin-portal/src/app/(shell)/operations/service-jobs/page.tsx","source inventory at 618a818; deployed clients differ","BLOCKED","Source presence does not certify runtime reachability or function; public runtime inventory is separate"
"admin-portal/src/app/(shell)/operations/service-jobs/[id]/page.tsx","source inventory at 618a818; deployed clients differ","BLOCKED","Source presence does not certify runtime reachability or function; public runtime inventory is separate"
"admin-portal/src/app/(shell)/page.tsx","source inventory at 618a818; deployed clients differ","BLOCKED","Source presence does not certify runtime reachability or function; public runtime inventory is separate"
"admin-portal/src/app/(shell)/plumber-manager/earnings/page.tsx","source inventory at 618a818; deployed clients differ","BLOCKED","Source presence does not certify runtime reachability or function; public runtime inventory is separate"
"admin-portal/src/app/(shell)/plumber-manager/kyc/page.tsx","source inventory at 618a818; deployed clients differ","BLOCKED","Source presence does not certify runtime reachability or function; public runtime inventory is separate"
"admin-portal/src/app/(shell)/plumber-manager/kyc/[id]/page.tsx","source inventory at 618a818; deployed clients differ","BLOCKED","Source presence does not certify runtime reachability or function; public runtime inventory is separate"
"admin-portal/src/app/(shell)/plumber-manager/page.tsx","source inventory at 618a818; deployed clients differ","BLOCKED","Source presence does not certify runtime reachability or function; public runtime inventory is separate"
"admin-portal/src/app/(shell)/plumber-manager/performance/page.tsx","source inventory at 618a818; deployed clients differ","BLOCKED","Source presence does not certify runtime reachability or function; public runtime inventory is separate"
"admin-portal/src/app/(shell)/plumber-manager/plumbers/page.tsx","source inventory at 618a818; deployed clients differ","BLOCKED","Source presence does not certify runtime reachability or function; public runtime inventory is separate"
"admin-portal/src/app/(shell)/plumber-manager/plumbers/[id]/page.tsx","source inventory at 618a818; deployed clients differ","BLOCKED","Source presence does not certify runtime reachability or function; public runtime inventory is separate"
"admin-portal/src/app/(shell)/roles/page.tsx","source inventory at 618a818; deployed clients differ","BLOCKED","Source presence does not certify runtime reachability or function; public runtime inventory is separate"
"admin-portal/src/app/(shell)/settings-placeholder/page.tsx","source inventory at 618a818; deployed clients differ","BLOCKED","Source presence does not certify runtime reachability or function; public runtime inventory is separate"
"admin-portal/src/app/(shell)/support/create-ticket/page.tsx","source inventory at 618a818; deployed clients differ","BLOCKED","Source presence does not certify runtime reachability or function; public runtime inventory is separate"
"admin-portal/src/app/(shell)/support/escalations/page.tsx","source inventory at 618a818; deployed clients differ","BLOCKED","Source presence does not certify runtime reachability or function; public runtime inventory is separate"
"admin-portal/src/app/(shell)/support/page.tsx","source inventory at 618a818; deployed clients differ","BLOCKED","Source presence does not certify runtime reachability or function; public runtime inventory is separate"
"admin-portal/src/app/(shell)/support/tickets/page.tsx","source inventory at 618a818; deployed clients differ","BLOCKED","Source presence does not certify runtime reachability or function; public runtime inventory is separate"
"admin-portal/src/app/(shell)/support/tickets/[id]/page.tsx","source inventory at 618a818; deployed clients differ","BLOCKED","Source presence does not certify runtime reachability or function; public runtime inventory is separate"
"admin-portal/src/app/(shell)/support/user-context/page.tsx","source inventory at 618a818; deployed clients differ","BLOCKED","Source presence does not certify runtime reachability or function; public runtime inventory is separate"
"admin-portal/src/app/(shell)/system-health/page.tsx","source inventory at 618a818; deployed clients differ","BLOCKED","Source presence does not certify runtime reachability or function; public runtime inventory is separate"
"admin-portal/src/app/(shell)/users/page.tsx","source inventory at 618a818; deployed clients differ","BLOCKED","Source presence does not certify runtime reachability or function; public runtime inventory is separate"
"admin-portal/src/app/(shell)/users/[id]/page.tsx","source inventory at 618a818; deployed clients differ","BLOCKED","Source presence does not certify runtime reachability or function; public runtime inventory is separate"
"admin-portal/src/app/analytics/page.tsx","source inventory at 618a818; deployed clients differ","BLOCKED","Source presence does not certify runtime reachability or function; public runtime inventory is separate"
"admin-portal/src/app/page.tsx","source inventory at 618a818; deployed clients differ","BLOCKED","Source presence does not certify runtime reachability or function; public runtime inventory is separate"
